,name,link
0,Agaric jaunissant,https://www.guidedeschampignons.com/produit/agaric-jaunissant/
1,Agaric sylvicole,https://www.guidedeschampignons.com/produit/agaric-sylvicole/
2,Agrocybe précoce,https://www.guidedeschampignons.com/produit/agrocybe-precoce/
3,Amanite citrine,https://www.guidedeschampignons.com/produit/amanite-citrine/
4,Amanite épaisse,https://www.guidedeschampignons.com/produit/amanite-epaisse/
5,Amanite fauve,https://www.guidedeschampignons.com/produit/amanite-fauve/
6,Amanite jonquille,https://www.guidedeschampignons.com/produit/amanite-jonquille/
7,Amanite panthère,https://www.guidedeschampignons.com/produit/amanite-panthere/
8,Amanite phalloïde,https://www.guidedeschampignons.com/produit/amanite-phalloide/
9,Amanite rougissante,https://www.guidedeschampignons.com/produit/amanite-rougissante/
10,Amanite solitaire,https://www.guidedeschampignons.com/produit/amanite-solitaire/
11,Amanite tue-mouches,https://www.guidedeschampignons.com/produit/amanite-tue-mouches/
12,Armillaire couleur de miel,https://www.guidedeschampignons.com/produit/armillaire-couleur-de-miel/
13,Armillaire d’ostoya,https://www.guidedeschampignons.com/produit/armillaire-dostoya/
14,Bolet a beau pied,https://www.guidedeschampignons.com/produit/bolet-a-beau-pied/
15,Bolet à chair jaune,https://www.guidedeschampignons.com/produit/bolet-a-chair-jaune/
16,Bolet à pied rouge,https://www.guidedeschampignons.com/produit/bolet-a-pied-rouge/
17,Bolet blafard,https://www.guidedeschampignons.com/produit/bolet-blafard/
18,Bolet craquelé,https://www.guidedeschampignons.com/produit/bolet-craquele/
19,Bolet dépoli,https://www.guidedeschampignons.com/produit/bolet-depoli/
20,Bolet des bouviers,https://www.guidedeschampignons.com/produit/bolet-des-bouviers/
21,Bolet élégant,https://www.guidedeschampignons.com/produit/bolet-elegant/
22,Bolet granulé,https://www.guidedeschampignons.com/produit/bolet-granule/
23,Bolet gris du mélèze,https://www.guidedeschampignons.com/produit/bolet-gris-meleze/
24,Bolet orangé,https://www.guidedeschampignons.com/produit/bolet-orange/
25,Bolet orangé des chênes,https://www.guidedeschampignons.com/produit/bolet-orange-chenes/
26,Bolet parasite,https://www.guidedeschampignons.com/produit/bolet-parasite/
27,Bolet poivré,https://www.guidedeschampignons.com/produit/bolet-poivre/
28,Bolet pomme de pin,https://www.guidedeschampignons.com/produit/bolet-pomme-de-pin/
29,Bolet radicant,https://www.guidedeschampignons.com/produit/bolet-radicant/
30,Bolet satan,https://www.guidedeschampignons.com/produit/bolet-satan/
31,Bolet tomenteux,https://www.guidedeschampignons.com/produit/bolet-tomenteux/
32,Bolet vieux rose,https://www.guidedeschampignons.com/produit/bolet-vieux-rose/
33,Cepe bronze,https://www.guidedeschampignons.com/produit/cepe-bronze/
34,Cepe d’ete,https://www.guidedeschampignons.com/produit/cepe-dete/
35,Cepe de bordeaux,https://www.guidedeschampignons.com/produit/cepe-de-bordeaux/
36,Cepe des pins,https://www.guidedeschampignons.com/produit/cepe-des-pins/
37,Chanterelle cendree,https://www.guidedeschampignons.com/produit/chanterelle-cendree/
38,Chanterelle en tube,https://www.guidedeschampignons.com/produit/chanterelle-en-tube/
39,Chanterelle jaune,https://www.guidedeschampignons.com/produit/chanterelle-jaune/
40,Chanterelle violette,https://www.guidedeschampignons.com/produit/chanterelle-violette/
41,Clavaire elegante,https://www.guidedeschampignons.com/produit/clavaire-elegante/
42,Clitocybe geotrope,https://www.guidedeschampignons.com/produit/clitocybe-geotrope/
43,Clitocybe nebuleux,https://www.guidedeschampignons.com/produit/clitocybe-nebuleux/
44,Clitocybe odorant,https://www.guidedeschampignons.com/produit/clitocybe-odorant/
45,Collybie a pied veloute,https://www.guidedeschampignons.com/produit/collybie-a-pied-veloute/
46,Collybie beuree,https://www.guidedeschampignons.com/produit/collybie-beuree/
47,Collybie des chênes,https://www.guidedeschampignons.com/produit/collybie-des-chenes/
48,Collybie guêtree,https://www.guidedeschampignons.com/produit/coprin-guetree/
49,Coprin chevelu,https://www.guidedeschampignons.com/produit/coprin-chevelu/
50,Coprin dissemine,https://www.guidedeschampignons.com/produit/coprin-dissemine/
51,Coprin domestique,https://www.guidedeschampignons.com/produit/coprin-domestique/
52,Coprin micace,https://www.guidedeschampignons.com/produit/coprin-micace/
53,Coprin noir d’encre,https://www.guidedeschampignons.com/produit/coprin-noir-dencre/
54,Coprin pie,https://www.guidedeschampignons.com/produit/coprin-pie/
55,Cortinaire couleur de faon,https://www.guidedeschampignons.com/produit/cortinaire-couleur-de-faon/
56,Cortinaire remarquable,https://www.guidedeschampignons.com/produit/cortinaire-remarquable/
57,Cortinaire violet,https://www.guidedeschampignons.com/produit/cortinaire-violet/
58,Coulemelle,https://www.guidedeschampignons.com/produit/coulemelle/
59,Crucibule lisse,https://www.guidedeschampignons.com/produit/crucibule-lisse/
60,Cystoderme requin,https://www.guidedeschampignons.com/produit/cystoderme-requin/
61,Dacrymyces deliquescent,https://www.guidedeschampignons.com/produit/dacrymycete-deliquescent/
62,Entolome brillant,https://www.guidedeschampignons.com/produit/entolome-brillant/
63,Entolome livide,https://www.guidedeschampignons.com/produit/entolome-livide/
64,Fausse girolle,https://www.guidedeschampignons.com/produit/fausse-girolle/
65,Fleur de tan,https://www.guidedeschampignons.com/produit/fleur-de-tan/
66,Girolle,https://www.guidedeschampignons.com/produit/girolle/
67,Girolle améthyste,https://www.guidedeschampignons.com/produit/girolle-amethyste/
68,Girolle de fries,https://www.guidedeschampignons.com/produit/girolle-de-fries/
69,Gomphide glutineux,https://www.guidedeschampignons.com/produit/gomphide-glutineux/
70,Gymnopile pénétrant,https://www.guidedeschampignons.com/produit/gymnopile-penetrant/
71,Gyromitre en turban,https://www.guidedeschampignons.com/produit/gyromitre-en-turban/
72,Hébélome échaudé,https://www.guidedeschampignons.com/produit/hebelome-echaude/
73,Hydne hérisson,https://www.guidedeschampignons.com/produit/hydne-herisson/
74,Hygrophore à odeur agréable,https://www.guidedeschampignons.com/produit/hygrophore-a-odeur-agreable/
75,Hygrophore blanc d’ivoire,https://www.guidedeschampignons.com/produit/hygrophore-blanc-divoire/
76,Hygrophore conique,https://www.guidedeschampignons.com/produit/hygrophore-conique/
77,Laccaire amethyste,https://www.guidedeschampignons.com/produit/laccaire-amethyste/
78,Lactaire délicieux,https://www.guidedeschampignons.com/produit/lactaire-delicieux/
79,Langue de boeuf,https://www.guidedeschampignons.com/produit/langue-de-boeuf/
80,Lenzite tricolore,https://www.guidedeschampignons.com/produit/lenzite-tricolore/
81,Meunier,https://www.guidedeschampignons.com/produit/meunier/
82,Morille blonde,https://www.guidedeschampignons.com/produit/morille-blonde/
83,Morille conique,https://www.guidedeschampignons.com/produit/morille-conique-excellent-comestible-morchella-elata/
84,Nonnette voilée,https://www.guidedeschampignons.com/produit/nonnette-voilee/
85,Oreille de judas,https://www.guidedeschampignons.com/produit/oreille-de-judas/
86,Oreille de lièvre,https://www.guidedeschampignons.com/produit/oreille-de-lievre/
87,Pezize d’autriche,https://www.guidedeschampignons.com/produit/pezize-dautriche/
88,Pezize ecarlate,https://www.guidedeschampignons.com/produit/pezize-ecarlate/
89,Pézize orangée,https://www.guidedeschampignons.com/produit/pezize-orangee/
90,Pézize veinée,https://www.guidedeschampignons.com/produit/pezize-veinee/
91,Pholiote écailleuse,https://www.guidedeschampignons.com/produit/pholiote-ecailleuse/
92,Pied de mouton,https://www.guidedeschampignons.com/produit/pied-de-mouton/
93,Pleurote du panicaut,https://www.guidedeschampignons.com/produit/pleurote-du-panicaut/
94,Plutee couleur de lion,https://www.guidedeschampignons.com/produit/plutee-couleur-de-lion/
95,Polypore bai,https://www.guidedeschampignons.com/produit/polypore-bai/
96,Polypore des brebis,https://www.guidedeschampignons.com/produit/polypore-des-brebis/
97,Polypore du bouleau,https://www.guidedeschampignons.com/produit/polypore-du-bouleau/
98,Polypore en ombelle,https://www.guidedeschampignons.com/produit/polypore-en-ombelle/
99,Rose des pres,https://www.guidedeschampignons.com/produit/rose-des-pres/
100,Russule a lames serrees,https://www.guidedeschampignons.com/produit/russule-a-lames-serrees/
101,Russule charbonniere,https://www.guidedeschampignons.com/produit/russule-charbonniere/
102,Russule comestible,https://www.guidedeschampignons.com/produit/russule-comestible/
103,Russule craquelee,https://www.guidedeschampignons.com/produit/russule-craquelee/
104,Russule de fiel,https://www.guidedeschampignons.com/produit/russule-de-fiel/
105,Russule doree,https://www.guidedeschampignons.com/produit/russule-doree/
106,Russule emetique,https://www.guidedeschampignons.com/produit/russule-emetique/
107,Russule fetide,https://www.guidedeschampignons.com/produit/russule-fetide/
108,Russule jolie,https://www.guidedeschampignons.com/produit/russule-jolie/
109,Russule olivacée,https://www.guidedeschampignons.com/produit/russule-olivacee/
110,Russule pourpre et noire,https://www.guidedeschampignons.com/produit/russule-pourpre-noire/
111,Russule sanguine,https://www.guidedeschampignons.com/produit/russule-sanguine/
112,Russule verdoyante,https://www.guidedeschampignons.com/produit/russule-verdoyante-2/
113,Tricholome de la saint-georges,https://www.guidedeschampignons.com/produit/tricholome-de-saint-georges/
114,Trompette des morts,https://www.guidedeschampignons.com/produit/trompette-des-morts/
115,Truffe noire,https://www.guidedeschampignons.com/produit/truffe-noire/
116,Vesse-de-loup perlée,https://www.guidedeschampignons.com/produit/vesse-de-loup-perlee/
117,Xylaire polymorphe,https://www.guidedeschampignons.com/produit/xylaire-polymorphe/
118,Agaric jaunissant,https://www.guidedeschampignons.com/produit/agaric-jaunissant/
119,Agaric sylvicole,https://www.guidedeschampignons.com/produit/agaric-sylvicole/
120,Agrocybe précoce,https://www.guidedeschampignons.com/produit/agrocybe-precoce/
121,Amanite citrine,https://www.guidedeschampignons.com/produit/amanite-citrine/
122,Amanite épaisse,https://www.guidedeschampignons.com/produit/amanite-epaisse/
123,Amanite fauve,https://www.guidedeschampignons.com/produit/amanite-fauve/
124,Amanite jonquille,https://www.guidedeschampignons.com/produit/amanite-jonquille/
125,Amanite panthère,https://www.guidedeschampignons.com/produit/amanite-panthere/
126,Amanite phalloïde,https://www.guidedeschampignons.com/produit/amanite-phalloide/
127,Amanite rougissante,https://www.guidedeschampignons.com/produit/amanite-rougissante/
128,Amanite solitaire,https://www.guidedeschampignons.com/produit/amanite-solitaire/
129,Amanite tue-mouches,https://www.guidedeschampignons.com/produit/amanite-tue-mouches/
130,Armillaire couleur de miel,https://www.guidedeschampignons.com/produit/armillaire-couleur-de-miel/
131,Armillaire d’ostoya,https://www.guidedeschampignons.com/produit/armillaire-dostoya/
132,Bolet a beau pied,https://www.guidedeschampignons.com/produit/bolet-a-beau-pied/
133,Bolet à chair jaune,https://www.guidedeschampignons.com/produit/bolet-a-chair-jaune/
134,Bolet à pied rouge,https://www.guidedeschampignons.com/produit/bolet-a-pied-rouge/
135,Bolet blafard,https://www.guidedeschampignons.com/produit/bolet-blafard/
136,Bolet craquelé,https://www.guidedeschampignons.com/produit/bolet-craquele/
137,Bolet dépoli,https://www.guidedeschampignons.com/produit/bolet-depoli/
138,Bolet des bouviers,https://www.guidedeschampignons.com/produit/bolet-des-bouviers/
139,Bolet élégant,https://www.guidedeschampignons.com/produit/bolet-elegant/
140,Bolet granulé,https://www.guidedeschampignons.com/produit/bolet-granule/
141,Bolet gris du mélèze,https://www.guidedeschampignons.com/produit/bolet-gris-meleze/
142,Bolet orangé,https://www.guidedeschampignons.com/produit/bolet-orange/
143,Bolet orangé des chênes,https://www.guidedeschampignons.com/produit/bolet-orange-chenes/
144,Bolet parasite,https://www.guidedeschampignons.com/produit/bolet-parasite/
145,Bolet poivré,https://www.guidedeschampignons.com/produit/bolet-poivre/
146,Bolet pomme de pin,https://www.guidedeschampignons.com/produit/bolet-pomme-de-pin/
147,Bolet radicant,https://www.guidedeschampignons.com/produit/bolet-radicant/
148,Bolet satan,https://www.guidedeschampignons.com/produit/bolet-satan/
149,Bolet tomenteux,https://www.guidedeschampignons.com/produit/bolet-tomenteux/
150,Bolet vieux rose,https://www.guidedeschampignons.com/produit/bolet-vieux-rose/
151,Cepe bronze,https://www.guidedeschampignons.com/produit/cepe-bronze/
152,Cepe d’ete,https://www.guidedeschampignons.com/produit/cepe-dete/
153,Cepe de bordeaux,https://www.guidedeschampignons.com/produit/cepe-de-bordeaux/
154,Cepe des pins,https://www.guidedeschampignons.com/produit/cepe-des-pins/
155,Chanterelle cendree,https://www.guidedeschampignons.com/produit/chanterelle-cendree/
156,Chanterelle en tube,https://www.guidedeschampignons.com/produit/chanterelle-en-tube/
157,Chanterelle jaune,https://www.guidedeschampignons.com/produit/chanterelle-jaune/
158,Chanterelle violette,https://www.guidedeschampignons.com/produit/chanterelle-violette/
159,Clavaire elegante,https://www.guidedeschampignons.com/produit/clavaire-elegante/
160,Clitocybe geotrope,https://www.guidedeschampignons.com/produit/clitocybe-geotrope/
161,Clitocybe nebuleux,https://www.guidedeschampignons.com/produit/clitocybe-nebuleux/
162,Clitocybe odorant,https://www.guidedeschampignons.com/produit/clitocybe-odorant/
163,Collybie a pied veloute,https://www.guidedeschampignons.com/produit/collybie-a-pied-veloute/
164,Collybie beuree,https://www.guidedeschampignons.com/produit/collybie-beuree/
165,Collybie des chênes,https://www.guidedeschampignons.com/produit/collybie-des-chenes/
166,Collybie guêtree,https://www.guidedeschampignons.com/produit/coprin-guetree/
167,Coprin chevelu,https://www.guidedeschampignons.com/produit/coprin-chevelu/
168,Coprin dissemine,https://www.guidedeschampignons.com/produit/coprin-dissemine/
169,Coprin domestique,https://www.guidedeschampignons.com/produit/coprin-domestique/
170,Coprin micace,https://www.guidedeschampignons.com/produit/coprin-micace/
171,Coprin noir d’encre,https://www.guidedeschampignons.com/produit/coprin-noir-dencre/
172,Coprin pie,https://www.guidedeschampignons.com/produit/coprin-pie/
173,Cortinaire couleur de faon,https://www.guidedeschampignons.com/produit/cortinaire-couleur-de-faon/
174,Cortinaire remarquable,https://www.guidedeschampignons.com/produit/cortinaire-remarquable/
175,Cortinaire violet,https://www.guidedeschampignons.com/produit/cortinaire-violet/
176,Coulemelle,https://www.guidedeschampignons.com/produit/coulemelle/
177,Crucibule lisse,https://www.guidedeschampignons.com/produit/crucibule-lisse/
178,Cystoderme requin,https://www.guidedeschampignons.com/produit/cystoderme-requin/
179,Dacrymyces deliquescent,https://www.guidedeschampignons.com/produit/dacrymycete-deliquescent/
180,Entolome brillant,https://www.guidedeschampignons.com/produit/entolome-brillant/
181,Entolome livide,https://www.guidedeschampignons.com/produit/entolome-livide/
182,Fausse girolle,https://www.guidedeschampignons.com/produit/fausse-girolle/
183,Fleur de tan,https://www.guidedeschampignons.com/produit/fleur-de-tan/
184,Girolle,https://www.guidedeschampignons.com/produit/girolle/
185,Girolle améthyste,https://www.guidedeschampignons.com/produit/girolle-amethyste/
186,Girolle de fries,https://www.guidedeschampignons.com/produit/girolle-de-fries/
187,Gomphide glutineux,https://www.guidedeschampignons.com/produit/gomphide-glutineux/
188,Gymnopile pénétrant,https://www.guidedeschampignons.com/produit/gymnopile-penetrant/
189,Gyromitre en turban,https://www.guidedeschampignons.com/produit/gyromitre-en-turban/
190,Hébélome échaudé,https://www.guidedeschampignons.com/produit/hebelome-echaude/
191,Hydne hérisson,https://www.guidedeschampignons.com/produit/hydne-herisson/
192,Hygrophore à odeur agréable,https://www.guidedeschampignons.com/produit/hygrophore-a-odeur-agreable/
193,Hygrophore blanc d’ivoire,https://www.guidedeschampignons.com/produit/hygrophore-blanc-divoire/
194,Hygrophore conique,https://www.guidedeschampignons.com/produit/hygrophore-conique/
195,Laccaire amethyste,https://www.guidedeschampignons.com/produit/laccaire-amethyste/
196,Lactaire délicieux,https://www.guidedeschampignons.com/produit/lactaire-delicieux/
197,Langue de boeuf,https://www.guidedeschampignons.com/produit/langue-de-boeuf/
198,Lenzite tricolore,https://www.guidedeschampignons.com/produit/lenzite-tricolore/
199,Meunier,https://www.guidedeschampignons.com/produit/meunier/
200,Morille blonde,https://www.guidedeschampignons.com/produit/morille-blonde/
201,Morille conique,https://www.guidedeschampignons.com/produit/morille-conique-excellent-comestible-morchella-elata/
202,Nonnette voilée,https://www.guidedeschampignons.com/produit/nonnette-voilee/
203,Oreille de judas,https://www.guidedeschampignons.com/produit/oreille-de-judas/
204,Oreille de lièvre,https://www.guidedeschampignons.com/produit/oreille-de-lievre/
205,Pezize d’autriche,https://www.guidedeschampignons.com/produit/pezize-dautriche/
206,Pezize ecarlate,https://www.guidedeschampignons.com/produit/pezize-ecarlate/
207,Pézize orangée,https://www.guidedeschampignons.com/produit/pezize-orangee/
208,Pézize veinée,https://www.guidedeschampignons.com/produit/pezize-veinee/
209,Pholiote écailleuse,https://www.guidedeschampignons.com/produit/pholiote-ecailleuse/
210,Pied de mouton,https://www.guidedeschampignons.com/produit/pied-de-mouton/
211,Pleurote du panicaut,https://www.guidedeschampignons.com/produit/pleurote-du-panicaut/
212,Plutee couleur de lion,https://www.guidedeschampignons.com/produit/plutee-couleur-de-lion/
213,Polypore bai,https://www.guidedeschampignons.com/produit/polypore-bai/
214,Polypore des brebis,https://www.guidedeschampignons.com/produit/polypore-des-brebis/
215,Polypore du bouleau,https://www.guidedeschampignons.com/produit/polypore-du-bouleau/
216,Polypore en ombelle,https://www.guidedeschampignons.com/produit/polypore-en-ombelle/
217,Rose des pres,https://www.guidedeschampignons.com/produit/rose-des-pres/
218,Russule a lames serrees,https://www.guidedeschampignons.com/produit/russule-a-lames-serrees/
219,Russule charbonniere,https://www.guidedeschampignons.com/produit/russule-charbonniere/
220,Russule comestible,https://www.guidedeschampignons.com/produit/russule-comestible/
221,Russule craquelee,https://www.guidedeschampignons.com/produit/russule-craquelee/
222,Russule de fiel,https://www.guidedeschampignons.com/produit/russule-de-fiel/
223,Russule doree,https://www.guidedeschampignons.com/produit/russule-doree/
224,Russule emetique,https://www.guidedeschampignons.com/produit/russule-emetique/
225,Russule fetide,https://www.guidedeschampignons.com/produit/russule-fetide/
226,Russule jolie,https://www.guidedeschampignons.com/produit/russule-jolie/
227,Russule olivacée,https://www.guidedeschampignons.com/produit/russule-olivacee/
228,Russule pourpre et noire,https://www.guidedeschampignons.com/produit/russule-pourpre-noire/
229,Russule sanguine,https://www.guidedeschampignons.com/produit/russule-sanguine/
230,Russule verdoyante,https://www.guidedeschampignons.com/produit/russule-verdoyante-2/
231,Tricholome de la saint-georges,https://www.guidedeschampignons.com/produit/tricholome-de-saint-georges/
232,Trompette des morts,https://www.guidedeschampignons.com/produit/trompette-des-morts/
233,Truffe noire,https://www.guidedeschampignons.com/produit/truffe-noire/
234,Vesse-de-loup perlée,https://www.guidedeschampignons.com/produit/vesse-de-loup-perlee/
235,Xylaire polymorphe,https://www.guidedeschampignons.com/produit/xylaire-polymorphe/
